,Domain,Issue,Item,Agree,Disagree,Source,APA.Source,Disagreement.Level,link,apa2,apa_study,ts1,ts2,source.date
1,Politics,Trump Performance,Donald Trump will go down in history as an outstanding president,15,85,"ABC News/Washington Post Poll. Jan. 10-13, 2021. N=1,002 adults nationwide. Margin of error ? 3.5.","Abt Associates (2021). Jan. 10-13, 2021, Washington Post-ABC news poll [Data Set]. https://www.washingtonpost.com/context/jan-10-13-2021-washington-post-abc-news-poll/ab470cba-8e05-4692-af78-4949613740cc/",high,https://www.washingtonpost.com/context/jan-10-13-2021-washington-post-abc-news-poll/ab470cba-8e05-4692-af78-4949613740cc/,Abt Associates (2021). Washington Post-ABC news poll [Data Set].,Abt Associates (2021). Washington Post-ABC news poll [Data Set].,-84.39155,135.66794,2021
2,Politics,Riot Agree,I support the actions of people who stormed the U.S. Capitol,8,89,"ABC News/Washington Post Poll. Jan. 10-13, 2021. N=1,002 adults nationwide. Margin of error ± 3.5.","Abt Associates.  (2021). Jan. 10-13, 2021, Washington Post-ABC news poll [Data Set]. https://www.washingtonpost.com/context/jan-10-13-2021-washington-post-abc-news-poll/ab470cba-8e05-4692-af78-4949613740cc/",high,https://www.washingtonpost.com/context/jan-10-13-2021-washington-post-abc-news-poll/ab470cba-8e05-4692-af78-4949613740cc/,Abt Associates (2021). Washington Post-ABC news poll [Data Set].,Abt Associates (2021). Washington Post-ABC news poll [Data Set].,-74.63871,124.21115,2021
3,Politics,Drug Reform,it is not important to reform the country's drug laws,18,82,"Bully Pulpit Interactive (2021). Poll for ACLU, American Attitudes on the War on Drug; https://www.aclu.org/other/poll-results-american-attitudes-toward-war-drugs",Bully Pulpit Interactive. (2021). Poll results on American attitudes toward war on drugs [Data Set]. ACLU. https://www.aclu.org/other/poll-results-american-attitudes-toward-war-drugs,medium,https://www.aclu.org/other/poll-results-american-attitudes-toward-war-drugs,Bully Pulpit Interactive. (2021). Poll results on American attitudes toward war on drugs [Data Set].,Bully Pulpit Interactive. (2021). Poll results on American attitudes toward war on drugs [Data Set].,-25.433226,75.02949,2021
4,Politics,Drug Offence,sentences of people incarcerated for drugs should not be commuted or reduced,39,61,"Bully Pulpit Interactive (2021). Poll for ACLU, American Attitudes on the War on Drug; https://www.aclu.org/other/poll-results-american-attitudes-toward-war-drugs",Bully Pulpit Interactive. (2021). Poll results on American attitudes toward war on drugs [Data Set]. ACLU. https://www.aclu.org/other/poll-results-american-attitudes-toward-war-drugs,low,https://www.aclu.org/other/poll-results-american-attitudes-toward-war-drugs,Bully Pulpit Interactive. (2021). Poll results on American attitudes toward war on drugs [Data Set].,Bully Pulpit Interactive. (2021). Poll results on American attitudes toward war on drugs [Data Set].,-34.49327,69.85528,2021
5,Science,Time Travel,humans will someday be able to travel through time,39,56,"CBS News (2021). CBS News Poll, Question 3 [31118366.00002]. SSRS. Cornell University, Ithaca, NY: Roper Center for Public Opinion Research.",SSRS. (2021). CBS News poll (Version 1) [Data Set]. Roper Center for Public Opinion Research. https://doi.org/10.25940/ROPER-31118366,low,https://doi.org/10.25940/ROPER-31118366,SSRS. (2021). CBS News poll [Data Set].,SSRS. (2021). CBS News poll [Data Set].,3.9056969,146.51715,2021
6,Politics,Spending Plan,President Biden's multi-trillion dollar social spending plan will hurt the economy,42,58,"Fox Business Poll conducted by Beacon Research (D) and Shaw & Company Research (R). Dec. 11-14, 2021. N=1,002 registered voters nationwide. Margin of error ? 3.",Beacon Research & Shaw & Company Research. (2021). Fox Business poll  [Data Set]. https://static.foxbusiness.com/foxbusiness.com/content/uploads/2021/12/Fox_December-11-14_National_Topline_December-15-Release_FBN.pdf,low,https://static.foxbusiness.com/foxbusiness.com/content/uploads/2021/12/Fox_December-11-14_National_Topline_December-15-Release_FBN.pdf,Beacon Research & Shaw & Company Research. (2021). Fox Business poll  [Data Set].,Beacon Research & Shaw & Company Research. (2021). Fox Business poll  [Data Set].,-57.036877,106.86169,2021
7,Politics,National Debt,the national debt is not a problem at all,4,95,"Fox News (2023). Fox News Poll, Question 52 [31120191.00051]. Beacon Research/Shaw & Co. Research. Cornell University, Ithaca, NY: Roper Center for Public Opinion Research.",Beacon Research & Shaw & Company Research. (2023). Fox News poll (Version 1) [Data Set]. Roper Center for Public Opinion Research. https://doi.org/10.25940/ROPER-31120191 ,high,https://doi.org/10.25940/ROPER-31120191 ,Beacon Research & Shaw & Company Research. (2023). Fox News poll [Data Set].,Beacon Research & Shaw & Company Research. (2023). Fox News poll [Data Set].,-59.5954,94.1027,2023
8,Politics,SS Funding,the funding of Social Security is not a problem at all,11,87,"Fox News (2023). Fox News Poll, Question 52 [31120191.00051]. Beacon Research/Shaw & Co. Research. Cornell University, Ithaca, NY: Roper Center for Public Opinion Research.",Beacon Research & Shaw & Company Research. (2023). Fox News poll (Version 1) [Data Set]. Roper Center for Public Opinion Research. https://doi.org/10.25940/ROPER-31120191 ,high,https://doi.org/10.25940/ROPER-31120191 ,Beacon Research & Shaw & Company Research. (2023). Fox News poll [Data Set].,Beacon Research & Shaw & Company Research. (2023). Fox News poll [Data Set].,-51.038395,92.75946,2023
9,Politics,SS Benefits,Social Security benefits for some future retirees should be reduced,16,82,"Fox News (2023). Fox News Poll, Question 52 [31120191.00051]. Beacon Research/Shaw & Co. Research. Cornell University, Ithaca, NY: Roper Center for Public Opinion Research.",Beacon Research & Shaw & Company Research. (2023). Fox News poll (Version 1) [Data Set]. Roper Center for Public Opinion Research. https://doi.org/10.25940/ROPER-31120191 ,high,https://doi.org/10.25940/ROPER-31120191 ,Beacon Research & Shaw & Company Research. (2023). Fox News poll [Data Set].,Beacon Research & Shaw & Company Research. (2023). Fox News poll [Data Set].,-48.472816,83.37122,2023
10,Politics,Income Tax,income tax rates for all Americans should be increased,17,80,"Fox News (2023). Fox News Poll, Question 52 [31120191.00051]. Beacon Research/Shaw & Co. Research. Cornell University, Ithaca, NY: Roper Center for Public Opinion Research.",Beacon Research & Shaw & Company Research. (2023). Fox News poll (Version 1) [Data Set]. Roper Center for Public Opinion Research. https://doi.org/10.25940/ROPER-31120191 ,medium,https://doi.org/10.25940/ROPER-31120191 ,Beacon Research & Shaw & Company Research. (2023). Fox News poll [Data Set].,Beacon Research & Shaw & Company Research. (2023). Fox News poll [Data Set].,-71.23599,76.45708,2023
11,Politics,Justice Tenure,Supreme Court justices should be limited to 18-year terms,30,66,"Fox News. (2022). Fox News Poll (Version 1) [Dataset]. Beacon Research; Shaw & Co. Research. Cornell University, Ithaca, NY: Roper Center for Public Opinion Research. ",Beacon Research & Shaw & Company Research. (2022). Fox News poll (Version 1) [Data Set]. Roper Center for Public Opinion Research. https://doi.org/10.25940/ROPER-31119719,medium,https://doi.org/10.25940/ROPER-31119719,Beacon Research & Shaw & Company Research. (2022). Fox News poll [Data Set].,Beacon Research & Shaw & Company Research. (2022). Fox News poll [Data Set].,-29.349314,93.11418,2022
12,Politics,Democrat Strategy,the Democratic Party has a clear plan for dealing with the problems facing the country,35,65,"Fox News. (2022). Fox News Poll (Version 1) [Dataset]. Beacon Research; Shaw & Co. Research. Cornell University, Ithaca, NY: Roper Center for Public Opinion Research. ",Beacon Research & Shaw & Company Research. (2022). Fox News poll (Version 1) [Data Set]. Roper Center for Public Opinion Research. https://doi.org/10.25940/ROPER-31119719,low,https://doi.org/10.25940/ROPER-31119719,Beacon Research & Shaw & Company Research. (2022). Fox News poll [Data Set].,Beacon Research & Shaw & Company Research. (2022). Fox News poll [Data Set].,-52.90442,119.685394,2022
13,Moral,Alcohol Morality,"in general, drinking alcohol is not morally acceptable",12,86,"Gallup Organization (2020). Gallup Poll, Question 20 [31117397.00034]. Gallup Organization. Cornell University, Ithaca, NY: Roper Center for Public Opinion Research.",Gallup Organization. (2020). Gallup poll (Version 1) [Data Set]. Roper Center for Public Opinion Research. https://doi.org/10.25940/ROPER-31117397,high,https://doi.org/10.25940/ROPER-31117397,Gallup Organization. (2020). The Gallup poll [Data Set].,Gallup Organization. (2020). The Gallup poll [Data Set].,0.047225803,51.234093,2020
14,Moral,Marijuana Morality,"in general, smoking marijuana is not morally acceptable",28,70,"Gallup Organization (2020). Gallup Poll, Question 20 [31117397.00034]. Gallup Organization. Cornell University, Ithaca, NY: Roper Center for Public Opinion Research.",Gallup Organization. (2020). Gallup poll (Version 1) [Data Set]. Roper Center for Public Opinion Research. https://doi.org/10.25940/ROPER-31117397,medium,https://doi.org/10.25940/ROPER-31117397,Gallup Organization. (2020). The Gallup poll [Data Set].,Gallup Organization. (2020). The Gallup poll [Data Set].,-10.753066,52.08686,2020
15,Moral,Overall Morality,the state of moral values in the country as a whole is getting better,18,78,"Gallup Organization (2022). Gallup Poll, Question 23 [31119602.00022]. Gallup Organization. Cornell University, Ithaca, NY: Roper Center for Public Opinion Research.",Gallup Organization. (2022). Gallup poll (Version 1) [Data Set]. Roper Center for Public Opinion Research. https://doi.org/10.25940/ROPER-31119602,medium,https://doi.org/10.25940/ROPER-31119602,Gallup Organization. (2022). The Gallup poll [Data Set].,Gallup Organization. (2022). The Gallup poll [Data Set].,35.45437,25.89363,2022
16,Moral,Suicide Morality,"in general, suicide is morally acceptable",22,72,"Gallup Organization (2022). Gallup Poll, Question 23 [31119602.00022]. Gallup Organization. Cornell University, Ithaca, NY: Roper Center for Public Opinion Research.",Gallup Organization. (2022). Gallup poll (Version 1) [Data Set]. Roper Center for Public Opinion Research. https://doi.org/10.25940/ROPER-31119602,medium,https://doi.org/10.25940/ROPER-31119602,Gallup Organization. (2022). The Gallup poll [Data Set].,Gallup Organization. (2022). The Gallup poll [Data Set].,13.254362,51.75908,2022
17,Moral,Gambling Morality,"in general, gambling is morally wrong",25,71,"Gallup Organization (2022). Gallup Poll, Question 23 [31119602.00022]. Gallup Organization. Cornell University, Ithaca, NY: Roper Center for Public Opinion Research.",Gallup Organization. (2022). Gallup poll (Version 1) [Data Set]. Roper Center for Public Opinion Research. https://doi.org/10.25940/ROPER-31119602,medium,https://doi.org/10.25940/ROPER-31119602,Gallup Organization. (2022). The Gallup poll [Data Set].,Gallup Organization. (2022). The Gallup poll [Data Set].,-2.4923184,38.92713,2022
18,Moral,Gay Morality,"in general, gay or lesbian relations are morally wrong",25,71,"Gallup Organization (2022). Gallup Poll, Question 23 [31119602.00022]. Gallup Organization. Cornell University, Ithaca, NY: Roper Center for Public Opinion Research.",Gallup Organization. (2022). Gallup poll (Version 1) [Data Set]. Roper Center for Public Opinion Research. https://doi.org/10.25940/ROPER-31119602,medium,https://doi.org/10.25940/ROPER-31119602,Gallup Organization. (2022). The Gallup poll [Data Set].,Gallup Organization. (2022). The Gallup poll [Data Set].,5.989733,28.700314,2022
19,Moral,Fur Clothing,"in general, buying or wearing clothing made of animal fur is morally wrong",37,60,"Gallup Organization (2022). Gallup Poll, Question 23 [31119602.00022]. Gallup Organization. Cornell University, Ithaca, NY: Roper Center for Public Opinion Research.",Gallup Organization. (2022). Gallup poll (Version 1) [Data Set]. Roper Center for Public Opinion Research. https://doi.org/10.25940/ROPER-31119602,low,https://doi.org/10.25940/ROPER-31119602,Gallup Organization. (2022). The Gallup poll [Data Set].,Gallup Organization. (2022). The Gallup poll [Data Set].,7.792696,66.40946,2022
20,Moral,Death Penalty,"in general, the death penalty is morally wrong",38,55,"Gallup Organization (2022). Gallup Poll, Question 23 [31119602.00022]. Gallup Organization. Cornell University, Ithaca, NY: Roper Center for Public Opinion Research.",Gallup Organization. (2022). Gallup poll (Version 1) [Data Set]. Roper Center for Public Opinion Research. https://doi.org/10.25940/ROPER-31119602,low,https://doi.org/10.25940/ROPER-31119602,Gallup Organization. (2022). The Gallup poll [Data Set].,Gallup Organization. (2022). The Gallup poll [Data Set].,9.405866,42.876556,2022
21,Religion,Dead Harm,people who have died can harm the living,18,82,http://research.lifeway.com/wp-content/uploads/2016/09/Ligonier-State-of-American-Theology-2016-Final-Report.pdf,Pew Research Center (2023). Spritiruality among Americans [Data Set]. https://www.pewresearch.org/religion/2023/12/07/spirituality-among-americans/,high,https://www.pewresearch.org/religion/2023/12/07/spirituality-among-americans/,Pew Research Center (2023). Spritiruality among Americans [Data Set]. ,Pew Research Center (2023). Spritiruality among Americans [Data Set]. ,52.848934,69.943695,2023
22,Religion,Tarot Belief,tarot-card readings divine information about the future,15,85,https://today.yougov.com/health/articles/44581-most-americans-hold-some-new-age-beliefs-poll,YouGov. (2022). Most Americans Hold Some New Age Beliefs. ,high,https://today.yougov.com/health/articles/44581-most-americans-hold-some-new-age-beliefs-poll,YouGov. (2022). Most Americans Hold Some New Age Beliefs. [Dataset],YouGov. (2022). Most Americans Hold Some New Age Beliefs. [Dataset],7.4347167,133.27634,2022
23,Religion,Small Sin,even the smallest sin deserves eternal damnation,19,78,http://research.lifeway.com/wp-content/uploads/2016/09/Ligonier-State-of-American-Theology-2016-Final-Report.pdf,LifeWay Research. (2016). The state of American theology study 2016 [Data Set]. http://research.lifeway.com/wp-content/uploads/2016/09/Ligonier-State-of-American-Theology-2016-Final-Report.pdf,medium,http://research.lifeway.com/wp-content/uploads/2016/09/Ligonier-State-of-American-Theology-2016-Final-Report.pdf,LifeWay Research. (2016). The state of American theology study 2016 [Data Set].,LifeWay Research. (2016). The state of American theology study 2016 [Data Set].,36.767906,86.34146,2016
24,Religion,Bible Interpretation,the Bible was not written for each person to interpret as he or she chooses,40,51,http://research.lifeway.com/wp-content/uploads/2016/09/Ligonier-State-of-American-Theology-2016-Final-Report.pdf,LifeWay Research. (2016). The state of American theology study 2016 [Data Set]. http://research.lifeway.com/wp-content/uploads/2016/09/Ligonier-State-of-American-Theology-2016-Final-Report.pdf,low,http://research.lifeway.com/wp-content/uploads/2016/09/Ligonier-State-of-American-Theology-2016-Final-Report.pdf,LifeWay Research. (2016). The state of American theology study 2016 [Data Set].,LifeWay Research. (2016). The state of American theology study 2016 [Data Set].,7.261521,99.33476,2016
25,Religion,Ghost Communication,people who have died can communicate with the living,42,58,https://www.pewresearch.org/religion/2023/12/07/spirituality-among-americans/,Pew Research Center (2023). Spritiruality among Americans [Data Set]. https://www.pewresearch.org/religion/2023/12/07/spirituality-among-americans/,low,https://www.pewresearch.org/religion/2023/12/07/spirituality-among-americans/,Pew Research Center (2023). Spritiruality among Americans [Data Set]. ,Pew Research Center (2023). Spritiruality among Americans [Data Set]. ,59.03881,75.67399,2023
26,Religion,Nature Spirits,"parts of nature, like mountains, rivers, or trees, have spirits",48,52,https://www.pewresearch.org/religion/2023/12/07/spirituality-among-americans/,Pew Research Center (2023). Spritiruality among Americans [Data Set]. https://www.pewresearch.org/religion/2023/12/07/spirituality-among-americans/,low,https://www.pewresearch.org/religion/2023/12/07/spirituality-among-americans/,Pew Research Center (2023). Spritiruality among Americans [Data Set]. ,Pew Research Center (2023). Spritiruality among Americans [Data Set]. ,73.77471,96.78911,2023
27,Religion,Sex Sin,sex outside of traditional marriage is not a sin,43,49,http://research.lifeway.com/wp-content/uploads/2016/09/Ligonier-State-of-American-Theology-2016-Final-Report.pdf,LifeWay Research. (2016). The state of American theology study 2016 [Data Set]. http://research.lifeway.com/wp-content/uploads/2016/09/Ligonier-State-of-American-Theology-2016-Final-Report.pdf,low,http://research.lifeway.com/wp-content/uploads/2016/09/Ligonier-State-of-American-Theology-2016-Final-Report.pdf,LifeWay Research. (2016). The state of American theology study 2016 [Data Set].,LifeWay Research. (2016). The state of American theology study 2016 [Data Set].,3.0311704,4.3405495,2016
28,Science,Vax Chips,vaccinations for COVID-19 implant microchips to track people,9,91,https://carsey.unh.edu/publication/conspiracy-vs-science-a-survey-of-us-public-beliefs,"Hamilton, L. (2022). Polar Environment and Science (POLES 2021) [Data Set]. Carsey School of Public Policy. https://carsey.unh.edu/publication/conspiracy-vs-science-a-survey-of-us-public-beliefs",high,https://carsey.unh.edu/publication/conspiracy-vs-science-a-survey-of-us-public-beliefs,"Hamilton, L. (2022). Polar Environment and Science (POLES 2021) [Data Set].","Hamilton, L. (2022). Polar Environment and Science (POLES 2021) [Data Set].",-64.39825,154.40126,2022
29,Science,Flat Earth,"the Earth is flat, not round",10,90,https://carsey.unh.edu/publication/conspiracy-vs-science-a-survey-of-us-public-beliefs,"Hamilton, L. (2022). Polar Environment and Science (POLES 2021) [Data Set]. Carsey School of Public Policy. https://carsey.unh.edu/publication/conspiracy-vs-science-a-survey-of-us-public-beliefs",high,https://carsey.unh.edu/publication/conspiracy-vs-science-a-survey-of-us-public-beliefs,"Hamilton, L. (2022). Polar Environment and Science (POLES 2021) [Data Set].","Hamilton, L. (2022). Polar Environment and Science (POLES 2021) [Data Set].",37.85952,164.71329,2022
30,Science,Moon Landing,NASA astronauts did not really land on the Moon,12,88,https://carsey.unh.edu/publication/conspiracy-vs-science-a-survey-of-us-public-beliefs,"Hamilton, L. (2022). Polar Environment and Science (POLES 2021) [Data Set]. Carsey School of Public Policy. https://carsey.unh.edu/publication/conspiracy-vs-science-a-survey-of-us-public-beliefs",high,https://carsey.unh.edu/publication/conspiracy-vs-science-a-survey-of-us-public-beliefs,"Hamilton, L. (2022). Polar Environment and Science (POLES 2021) [Data Set].","Hamilton, L. (2022). Polar Environment and Science (POLES 2021) [Data Set].",-14.189588,170.53621,2022
31,Science,Earth Age,the Earth is not billions of years old,25,75,https://carsey.unh.edu/publication/conspiracy-vs-science-a-survey-of-us-public-beliefs,"Hamilton, L. (2022). Polar Environment and Science (POLES 2021) [Data Set]. Carsey School of Public Policy. https://carsey.unh.edu/publication/conspiracy-vs-science-a-survey-of-us-public-beliefs",medium,https://carsey.unh.edu/publication/conspiracy-vs-science-a-survey-of-us-public-beliefs,"Hamilton, L. (2022). Polar Environment and Science (POLES 2021) [Data Set].","Hamilton, L. (2022). Polar Environment and Science (POLES 2021) [Data Set].",24.360939,163.56056,2022
32,Science,Vaccine Benefits,vaccines have not mostly been a benefit to human health,31,69,https://carsey.unh.edu/publication/conspiracy-vs-science-a-survey-of-us-public-beliefs,"Hamilton, L. (2022). Polar Environment and Science (POLES 2021) [Data Set]. Carsey School of Public Policy. https://carsey.unh.edu/publication/conspiracy-vs-science-a-survey-of-us-public-beliefs",medium,https://carsey.unh.edu/publication/conspiracy-vs-science-a-survey-of-us-public-beliefs,"Hamilton, L. (2022). Polar Environment and Science (POLES 2021) [Data Set].","Hamilton, L. (2022). Polar Environment and Science (POLES 2021) [Data Set].",-48.96117,157.04817,2022
33,Politics,Federal Oil,the U.S should get more oil from its federal lands,41,36,https://docs.cdn.yougov.com/m6hvcx4qgt/The_Willow_Project_poll_results.pdf,YouGov. (2023). YouGov survey: the Willow project [Data Set]. https://docs.cdn.yougov.com/m6hvcx4qgt/The_Willow_Project_poll_results.pdf,low,https://docs.cdn.yougov.com/m6hvcx4qgt/The_Willow_Project_poll_results.pdf,YouGov. (2023). YouGov survey: the Willow project [Data Set].,YouGov. (2023). YouGov survey: the Willow project [Data Set].,-80.7541,87.73083,2023
34,Religion,Immaterial Spirit,"people only have a physical body, and no soul or spirit",17,83,https://www.pewresearch.org/religion/2023/12/07/spirituality-among-americans/,Pew Research Center (2023). Spritiruality among Americans [Data Set]. https://www.pewresearch.org/religion/2023/12/07/spirituality-among-americans/,high,https://www.pewresearch.org/religion/2023/12/07/spirituality-among-americans/,Pew Research Center (2023). Spritiruality among Americans [Data Set]. ,Pew Research Center (2023). Spritiruality among Americans [Data Set]. ,65.4259,91.16782,2023
35,Moral,Eating Meat,eating meat is always immoral,7,79,https://docs.cdn.yougov.com/uta5gqhscr/Morality.pdf,YouGov. (2022). YouGov survey: morality [Data Set]. https://docs.cdn.yougov.com/uta5gqhscr/Morality.pdf,high,https://docs.cdn.yougov.com/uta5gqhscr/Morality.pdf,YouGov. (2022). YouGov survey: morality [Data Set].,YouGov. (2022). YouGov survey: morality [Data Set].,-22.553143,25.204245,2022
36,Moral,Revenge Morality,it is always morally acceptable to take revenge from someone who has deliberately wronged you,8,79,https://docs.cdn.yougov.com/uta5gqhscr/Morality.pdf,YouGov. (2022). YouGov survey: morality [Data Set]. https://docs.cdn.yougov.com/uta5gqhscr/Morality.pdf,high,https://docs.cdn.yougov.com/uta5gqhscr/Morality.pdf,YouGov. (2022). YouGov survey: morality [Data Set].,YouGov. (2022). YouGov survey: morality [Data Set].,20.127184,37.915516,2022
37,Moral,Cheating Morality,cheating in a relationship is never immoral,9,82,https://docs.cdn.yougov.com/uta5gqhscr/Morality.pdf,YouGov. (2022). YouGov survey: morality [Data Set]. https://docs.cdn.yougov.com/uta5gqhscr/Morality.pdf,high,https://docs.cdn.yougov.com/uta5gqhscr/Morality.pdf,YouGov. (2022). YouGov survey: morality [Data Set].,YouGov. (2022). YouGov survey: morality [Data Set].,-10.200754,13.9040165,2022
38,Moral,Hungry Steal,it is always acceptable for someone to steal food if they cannot afford it,10,78,https://docs.cdn.yougov.com/uta5gqhscr/Morality.pdf,YouGov. (2022). YouGov survey: morality [Data Set]. https://docs.cdn.yougov.com/uta5gqhscr/Morality.pdf,high,https://docs.cdn.yougov.com/uta5gqhscr/Morality.pdf,YouGov. (2022). YouGov survey: morality [Data Set].,YouGov. (2022). YouGov survey: morality [Data Set].,-33.476124,36.93065,2022
39,Moral,Moral Taint,"people who have done very bad things in their life (for example, a terrible crime) can never be genuinely good people",11,75,https://docs.cdn.yougov.com/uta5gqhscr/Morality.pdf,YouGov. (2022). YouGov survey: morality [Data Set]. https://docs.cdn.yougov.com/uta5gqhscr/Morality.pdf,high,https://docs.cdn.yougov.com/uta5gqhscr/Morality.pdf,YouGov. (2022). YouGov survey: morality [Data Set].,YouGov. (2022). YouGov survey: morality [Data Set].,42.245396,51.564423,2022
40,Moral,Killing Justification,killing a person can never be justified,14,78,https://docs.cdn.yougov.com/uta5gqhscr/Morality.pdf,YouGov. (2022). YouGov survey: morality [Data Set]. https://docs.cdn.yougov.com/uta5gqhscr/Morality.pdf,high,https://docs.cdn.yougov.com/uta5gqhscr/Morality.pdf,YouGov. (2022). YouGov survey: morality [Data Set].,YouGov. (2022). YouGov survey: morality [Data Set].,26.303541,53.206013,2022
41,Moral,Moral Universalism,moral values are fundamentally the same everywhere,15,75,https://docs.cdn.yougov.com/uta5gqhscr/Morality.pdf,YouGov. (2022). YouGov survey: morality [Data Set]. https://docs.cdn.yougov.com/uta5gqhscr/Morality.pdf,high,https://docs.cdn.yougov.com/uta5gqhscr/Morality.pdf,YouGov. (2022). YouGov survey: morality [Data Set].,YouGov. (2022). YouGov survey: morality [Data Set].,43.8164,26.221962,2022
42,Moral,Animal Testing,it is never morally acceptable to test products on animals before using them on humans,36,49,https://docs.cdn.yougov.com/uta5gqhscr/Morality.pdf,YouGov. (2022). YouGov survey: morality [Data Set]. https://docs.cdn.yougov.com/uta5gqhscr/Morality.pdf,low,https://docs.cdn.yougov.com/uta5gqhscr/Morality.pdf,YouGov. (2022). YouGov survey: morality [Data Set].,YouGov. (2022). YouGov survey: morality [Data Set].,0.7164535,74.16612,2022
43,Moral,Sick Stealing,it is never morally acceptable for someone to steal medication if they cannot afford it,37,59,https://docs.cdn.yougov.com/uta5gqhscr/Morality.pdf,YouGov. (2022). YouGov survey: morality [Data Set]. https://docs.cdn.yougov.com/uta5gqhscr/Morality.pdf,low,https://docs.cdn.yougov.com/uta5gqhscr/Morality.pdf,YouGov. (2022). YouGov survey: morality [Data Set].,YouGov. (2022). YouGov survey: morality [Data Set].,-29.063597,46.388874,2022
44,Moral,Rich Morality,"in general, rich people are less moral than poor people",37,48,https://docs.cdn.yougov.com/uta5gqhscr/Morality.pdf,YouGov. (2022). YouGov survey: morality [Data Set]. https://docs.cdn.yougov.com/uta5gqhscr/Morality.pdf,low,https://docs.cdn.yougov.com/uta5gqhscr/Morality.pdf,YouGov. (2022). YouGov survey: morality [Data Set].,YouGov. (2022). YouGov survey: morality [Data Set].,39.506096,37.22884,2022
45,Moral,Moral Pirating,downloading pirated media from the internet is always immoral,38,44,https://docs.cdn.yougov.com/uta5gqhscr/Morality.pdf,YouGov. (2022). YouGov survey: morality [Data Set]. https://docs.cdn.yougov.com/uta5gqhscr/Morality.pdf,low,https://docs.cdn.yougov.com/uta5gqhscr/Morality.pdf,YouGov. (2022). YouGov survey: morality [Data Set].,YouGov. (2022). YouGov survey: morality [Data Set].,-16.003122,35.820164,2022
46,Moral,Prostitution Morality,paying for sex is always immoral,43,42,https://docs.cdn.yougov.com/uta5gqhscr/Morality.pdf,YouGov. (2022). YouGov survey: morality [Data Set]. https://docs.cdn.yougov.com/uta5gqhscr/Morality.pdf,low,https://docs.cdn.yougov.com/uta5gqhscr/Morality.pdf,YouGov. (2022). YouGov survey: morality [Data Set].,YouGov. (2022). YouGov survey: morality [Data Set].,-8.954096,24.765215,2022
47,Science,Body Elements,the elements in the human body are made of stardust from stars millions of years ago,37,58,https://maristpoll.marist.edu/cleveland-museum-of-natural-history-survey/,The Marist Poll. (2021). Cleveland Museum of Natural History survey [Data Set]. https://maristpoll.marist.edu/wp-content/uploads/2021/09/CMNH-Marist-Poll-National-Survey-September-2021.pdf,low,https://maristpoll.marist.edu/wp-content/uploads/2021/09/CMNH-Marist-Poll-National-Survey-September-2021.pdf,The Marist Poll. (2021). Cleveland Museum of Natural History survey [Data Set].,The Marist Poll. (2021). Cleveland Museum of Natural History survey [Data Set].,10.910847,175.85808,2021
48,Moral,Unmarried Sex,sex between an unmarried man and woman is generally immoral,23,76,https://news.gallup.com/poll/117328/Marriage.aspx,Gallup Organization. (2022). Marriage [Data Set]. https://news.gallup.com/poll/117328/Marriage.aspx,medium,https://news.gallup.com/poll/117328/Marriage.aspx,Gallup Organization. (2022). Marriage [Data Set].,Gallup Organization. (2022). Marriage [Data Set].,0.9943747,16.089157,2022
49,Moral,Polygamy Moral,a married person having more than one spouse at the same time is morally acceptable,23,75,https://news.gallup.com/poll/117328/Marriage.aspx,Gallup Organization. (2022). Marriage [Data Set]. https://news.gallup.com/poll/117328/Marriage.aspx,medium,https://news.gallup.com/poll/117328/Marriage.aspx,Gallup Organization. (2022). Marriage [Data Set].,Gallup Organization. (2022). Marriage [Data Set].,16.010744,18.714891,2022
50,Moral,Unmarried Baby,it is not moral to have a baby outside of marriage,28,70,https://news.gallup.com/poll/117328/Marriage.aspx,Gallup Organization. (2022). Marriage [Data Set]. https://news.gallup.com/poll/117328/Marriage.aspx,medium,https://news.gallup.com/poll/117328/Marriage.aspx,Gallup Organization. (2022). Marriage [Data Set].,Gallup Organization. (2022). Marriage [Data Set].,15.098353,7.486263,2022
51,Politics,Marijuana Legality,the use of marijuana should be illegal,32,68,https://news.gallup.com/poll/1657/Illegal-Drugs.aspx,Gallup Organization. (2021). Illegal drugs [Data Set]. https://news.gallup.com/poll/1657/Illegal-Drugs.aspx,medium,https://news.gallup.com/poll/1657/Illegal-Drugs.aspx,Gallup Organization. (2021). Illegal drugs [Data Set].,Gallup Organization. (2021). Illegal drugs [Data Set].,-20.187698,61.99985,2021
52,Politics,Military Spending,the U.S is spending too much on immigration,35,65,https://news.gallup.com/poll/1666/Military-National-Defense.aspx,Gallup Organization. (2023). Military and national defense [Data Set]. https://news.gallup.com/poll/1666/Military-National-Defense.aspx,low,https://news.gallup.com/poll/1666/Military-National-Defense.aspx,Gallup Organization. (2023). Military and national defense [Data Set].,Gallup Organization. (2023). Military and national defense [Data Set].,-73.175156,100.30926,2023
53,Religion,God Belief,God does not exist,19,81,https://news.gallup.com/poll/393737/belief-god-dips-new-low.aspx,"Gallup Organization. (2022). Belief in God in U.S. dips to 81%, a new low [Data Set]. https://news.gallup.com/poll/393737/belief-god-dips-new-low.aspx",medium,https://news.gallup.com/poll/393737/belief-god-dips-new-low.aspx,"Gallup Organization. (2022). Belief in God in U.S. dips to 81%, a new low [Data Set].","Gallup Organization. (2022). Belief in God in U.S. dips to 81%, a new low [Data Set].",42.03472,111.797615,2022
54,Politics,Health Insurance,health coverage is a responsibility of the government,40,57,https://news.gallup.com/poll/4708/Healthcare-System.aspx,Gallup Organization. (2022). Healthcare system [Data Set]. https://news.gallup.com/poll/4708/Healthcare-System.aspx,low,https://news.gallup.com/poll/4708/Healthcare-System.aspx,Gallup Organization. (2022). Healthcare system [Data Set].,Gallup Organization. (2022). Healthcare system [Data Set].,-56.731937,133.98386,2022
55,Moral,Animal Cloning,it is morally acceptable to clone animals,38,58,https://news.gallup.com/poll/6028/Cloning.aspx,Gallup Organization. (2022). Cloning [Data Set]. https://news.gallup.com/poll/6028/Cloning.aspx,low,https://news.gallup.com/poll/6028/Cloning.aspx,Gallup Organization. (2022). Cloning [Data Set].,Gallup Organization. (2022). Cloning [Data Set].,-4.630588,65.4585,2022
56,Politics,Minimum Wage,The federal minimum wage is about right,13,81,https://today.yougov.com/topics/politics/articles-reports/2022/12/01/most-americans-think-minimum-wage-is-too-low,YouGov. (2022). YouGov Survey: the minimum wage [Data Set]. https://docs.cdn.yougov.com/2a5kiqbp5m/toplines_The%20Minimum%20Wage.pdf,high,https://docs.cdn.yougov.com/2a5kiqbp5m/toplines_The%20Minimum%20Wage.pdf,YouGov. (2022). YouGov Survey: the minimum wage [Data Set].,YouGov. (2022). YouGov Survey: the minimum wage [Data Set].,-84.25324,72.08135,2022
57,Religion,Devil Belief,the devil does not exist,46,54,https://www.ipsos.com/sites/default/files/ct/news/documents/2023-05/Ipsos%20Global%20Advisor%20-%20Religion%202023%20Report%20-%2026%20countries.pdf,IPSOS. (2023). Global religion 2023: Religious beliefs across the world: A 26-country advisor survey [Data Set]. https://www.ipsos.com/sites/default/files/ct/news/documents/2023-05/Ipsos%20Global%20Advisor%20-%20Religion%202023%20Report%20-%2026%20countries.pdf,low,https://www.ipsos.com/sites/default/files/ct/news/documents/2023-05/Ipsos%20Global%20Advisor%20-%20Religion%202023%20Report%20-%2026%20countries.pdf,IPSOS. (2023). Global religion 2023: Religious beliefs across the world: A 26-country advisor survey [Data Set].,IPSOS. (2023). Global religion 2023: Religious beliefs across the world: A 26-country advisor survey [Data Set].,48.307842,101.82998,2023
58,Science,COVID Infertility,COVID-19 vaccines have been shown to cause infertility,8,92,https://www.kff.org/coronavirus-covid-19/poll-finding/the-covid-19-pandemic-insights-from-three-years-of-kff-polling/,Kaiser Family Fondation. (2023). The COVID-19 pandemic: insights from three years of KFF polling [Data Set]. https://www.kff.org/coronavirus-covid-19/poll-finding/the-covid-19-pandemic-insights-from-three-years-of-kff-polling/,high,https://www.kff.org/coronavirus-covid-19/poll-finding/the-covid-19-pandemic-insights-from-three-years-of-kff-polling/,Kaiser Family Fondation. (2023). The COVID-19 pandemic: insights from three years of KFF polling [Data Set].,Kaiser Family Fondation. (2023). The COVID-19 pandemic: insights from three years of KFF polling [Data Set].,-57.845974,162.77464,2023
59,Science,Ivermectin Efficacy,Ivermectin is a safe and effective treatment for COVID-19,14,86,https://www.kff.org/coronavirus-covid-19/poll-finding/the-covid-19-pandemic-insights-from-three-years-of-kff-polling/,Kaiser Family Fondation. (2023). The COVID-19 pandemic: insights from three years of KFF polling [Data Set]. https://www.kff.org/coronavirus-covid-19/poll-finding/the-covid-19-pandemic-insights-from-three-years-of-kff-polling/,high,https://www.kff.org/coronavirus-covid-19/poll-finding/the-covid-19-pandemic-insights-from-three-years-of-kff-polling/,Kaiser Family Fondation. (2023). The COVID-19 pandemic: insights from three years of KFF polling [Data Set].,Kaiser Family Fondation. (2023). The COVID-19 pandemic: insights from three years of KFF polling [Data Set].,-63.763447,171.58531,2023
60,Science,Earth Center,the center of the Earth is not very hot,15,85,https://www.nsf.gov/statistics/2018/nsb20181/assets/404/science-and-technology-public-attitudes-and-understanding.pdf#%5B%7B%22num%22%3A71%2C%22gen%22%3A0%7D%2C%7B%22name%22%3A%22XYZ%22%7D%2C40%2C679.5%2C0%5D,National Science Board. (2018). Science and engineering indicators 2018 [Data Set]. https://www.nsf.gov/statistics/2018/nsb20181/assets/404/science-and-technology-public-attitudes-and-understanding.pdf#%5B%7B%22num%22%3A71%2C%22gen%22%3A0%7D%2C%7B%22name%22%3A%22XYZ%22%7D%2C40%2C679.5%2C0%5D,high,https://www.nsf.gov/statistics/2018/nsb20181/assets/404/science-and-technology-public-attitudes-and-understanding.pdf#%5B%7B%22num%22%3A71%2C%22gen%22%3A0%7D%2C%7B%22name%22%3A%22XYZ%22%7D%2C40%2C679.5%2C0%5D,National Science Board. (2018). Science and engineering indicators 2018 [Data Set].,National Science Board. (2018). Science and engineering indicators 2018 [Data Set].,45.83066,172.64915,2018
61,Science,Radiactivity Source,not all radioactivity is man-made,30,70,https://www.nsf.gov/statistics/2018/nsb20181/assets/404/science-and-technology-public-attitudes-and-understanding.pdf#%5B%7B%22num%22%3A71%2C%22gen%22%3A0%7D%2C%7B%22name%22%3A%22XYZ%22%7D%2C40%2C679.5%2C0%5D,National Science Board. (2018). Science and engineering indicators 2018 [Data Set]. https://www.nsf.gov/statistics/2018/nsb20181/assets/404/science-and-technology-public-attitudes-and-understanding.pdf#%5B%7B%22num%22%3A71%2C%22gen%22%3A0%7D%2C%7B%22name%22%3A%22XYZ%22%7D%2C40%2C679.5%2C0%5D,medium,https://www.nsf.gov/statistics/2018/nsb20181/assets/404/science-and-technology-public-attitudes-and-understanding.pdf#%5B%7B%22num%22%3A71%2C%22gen%22%3A0%7D%2C%7B%22name%22%3A%22XYZ%22%7D%2C40%2C679.5%2C0%5D,National Science Board. (2018). Science and engineering indicators 2018 [Data Set].,National Science Board. (2018). Science and engineering indicators 2018 [Data Set].,3.4698687,181.48424,2018
62,Science,Big Bang,the universe began with a huge explosion,39,61,https://www.nsf.gov/statistics/2018/nsb20181/assets/404/science-and-technology-public-attitudes-and-understanding.pdf#%5B%7B%22num%22%3A71%2C%22gen%22%3A0%7D%2C%7B%22name%22%3A%22XYZ%22%7D%2C40%2C679.5%2C0%5D,National Science Board. (2018). Science and engineering indicators 2018 [Data Set]. https://www.nsf.gov/statistics/2018/nsb20181/assets/404/science-and-technology-public-attitudes-and-understanding.pdf#%5B%7B%22num%22%3A71%2C%22gen%22%3A0%7D%2C%7B%22name%22%3A%22XYZ%22%7D%2C40%2C679.5%2C0%5D,low,https://www.nsf.gov/statistics/2018/nsb20181/assets/404/science-and-technology-public-attitudes-and-understanding.pdf#%5B%7B%22num%22%3A71%2C%22gen%22%3A0%7D%2C%7B%22name%22%3A%22XYZ%22%7D%2C40%2C679.5%2C0%5D,National Science Board. (2018). Science and engineering indicators 2018 [Data Set].,National Science Board. (2018). Science and engineering indicators 2018 [Data Set].,29.019878,148.62315,2018
63,Religion,Contraceptive Sin,using contraceptives is sinful,10,63,https://www.pewresearch.org/religion/2015/09/02/chapter-5-beliefs-about-sin/,Pew Research Center. (2015). U.S. Catholics open to non-traditional families [Data Set]. https://www.pewresearch.org/religion/2015/09/02/u-s-catholics-open-to-non-traditional-families/,high,https://www.pewresearch.org/religion/2015/09/02/u-s-catholics-open-to-non-traditional-families/,Pew Research Center. (2015). U.S. Catholics open to non-traditional families [Data Set].,Pew Research Center. (2015). Beliefs about sin [Data Set].,-6.1023192,-4.0825624,2015
64,Religion,Residence Sin,living in a house larger than needed is sinful,11,64,https://www.pewresearch.org/religion/2015/09/02/chapter-5-beliefs-about-sin/,Pew Research Center. (2015). U.S. Catholics open to non-traditional families [Data Set]. https://www.pewresearch.org/religion/2015/09/02/u-s-catholics-open-to-non-traditional-families/,high,https://www.pewresearch.org/religion/2015/09/02/u-s-catholics-open-to-non-traditional-families/,Pew Research Center. (2015). U.S. Catholics open to non-traditional families [Data Set].,Pew Research Center. (2015). Beliefs about sin [Data Set].,59.70169,43.49159,2015
65,Religion,Alcohol Sin,drinking alcohol is sinful,15,58,https://www.pewresearch.org/religion/2015/09/02/chapter-5-beliefs-about-sin/,Pew Research Center. (2015). U.S. Catholics open to non-traditional families [Data Set]. https://www.pewresearch.org/religion/2015/09/02/u-s-catholics-open-to-non-traditional-families/,high,https://www.pewresearch.org/religion/2015/09/02/u-s-catholics-open-to-non-traditional-families/,Pew Research Center. (2015). U.S. Catholics open to non-traditional families [Data Set].,Pew Research Center. (2015). Beliefs about sin [Data Set].,24.988007,71.56709,2015
66,Religion,Existential Reason,not everything in life necessarily happens for a reason,32,68,https://www.pewresearch.org/religion/2021/11/23/views-on-the-afterlife/,"Pew Research Center. (2021). Few Americans blame God or say faith has been shaken amid pandemic, other tragedies [Data Set]. https://www.pewresearch.org/religion/2021/11/23/few-americans-blame-god-or-say-faith-has-been-shaken-amid-pandemic-other-tragedies/",medium,https://www.pewresearch.org/religion/2021/11/23/few-americans-blame-god-or-say-faith-has-been-shaken-amid-pandemic-other-tragedies/,"Pew Research Center. (2021). Few Americans blame God or say faith has been shaken amid pandemic, other tragedies [Data Set].","Pew Research Center. (2021). Few Americans blame God or say faith has been shaken amid pandemic, other tragedies [Data Set].",42.81381,138.36223,2021
67,Science,Pesticide Safety,it is safe to eat foods grown with pesticides,28,72,https://www.pewresearch.org/science/2015/01/29/public-and-scientists-views-on-science-and-society/,Pew Research Center. (2015). Public and scientists' views on science and society [Data Set]. https://www.pewresearch.org/science/2015/01/29/public-and-scientists-views-on-science-and-society/,medium,https://www.pewresearch.org/science/2015/01/29/public-and-scientists-views-on-science-and-society/,Pew Research Center. (2015). Public and scientists' views on science and society [Data Set].,Pew Research Center. (2015). Public and scientists' views on science and society [Data Set].,-55.13867,23.234705,2015
68,Science,GMO Safety,it is safe to eat genetically modified foods,37,63,https://www.pewresearch.org/science/2015/01/29/public-and-scientists-views-on-science-and-society/,Pew Research Center. (2015). Public and scientists' views on science and society [Data Set]. https://www.pewresearch.org/science/2015/01/29/public-and-scientists-views-on-science-and-society/,low,https://www.pewresearch.org/science/2015/01/29/public-and-scientists-views-on-science-and-society/,Pew Research Center. (2015). Public and scientists' views on science and society [Data Set].,Pew Research Center. (2015). Public and scientists' views on science and society [Data Set].,-55.94432,31.168695,2015
69,Science,Water Boil,water boils at lower temperatures at higher altitudes,34,66,https://www.pewresearch.org/science/2015/09/10/what-the-public-knows-and-does-not-know-about-science/,Pew Research Center. (2015). A look at what the public knows and does not know about science [Data Set]. https://www.pewresearch.org/science/2015/09/10/what-the-public-knows-and-does-not-know-about-science/,low,https://www.pewresearch.org/science/2015/09/10/what-the-public-knows-and-does-not-know-about-science/,Pew Research Center. (2015). A look at what the public knows and does not know about science [Data Set].,Pew Research Center. (2015). A look at what the public knows and does not know about science [Data Set].,52.449688,183.15555,2015
70,Science,Amplitude Loudness,amplitude or height determines loudness in a sound wave,35,65,https://www.pewresearch.org/science/2015/09/10/what-the-public-knows-and-does-not-know-about-science/,Pew Research Center. (2015). A look at what the public knows and does not know about science [Data Set]. https://www.pewresearch.org/science/2015/09/10/what-the-public-knows-and-does-not-know-about-science/,low,https://www.pewresearch.org/science/2015/09/10/what-the-public-knows-and-does-not-know-about-science/,Pew Research Center. (2015). A look at what the public knows and does not know about science [Data Set].,Pew Research Center. (2015). A look at what the public knows and does not know about science [Data Set].,-10.184944,111.112236,2015
71,Politics,Gun Laws,gun laws should be less strict than they are today,14,85,https://www.pewresearch.org/short-reads/2021/09/13/key-facts-about-americans-and-guns/,Pew Research Center. (2021). Key facts about Americans and guns [Data Set]. https://www.pewresearch.org/short-reads/2021/09/13/key-facts-about-americans-and-guns/,high,https://www.pewresearch.org/short-reads/2021/09/13/key-facts-about-americans-and-guns/,Pew Research Center. (2021). Key facts about Americans and guns [Data Set].,Pew Research Center. (2021). Key facts about Americans and guns [Data Set].,-17.31186,85.16252,2021
72,Politics,Slavery Reparations,descendants of people enslaved in the U.S. should be repaid in some way,30,68,https://www.pewresearch.org/short-reads/2022/11/28/black-and-white-americans-are-far-apart-in-their-views-of-reparations-for-slavery/ft_22-11-09_reparations_1/,Pew Research Center. (2022). 77% of Black Americans 'compared with 18% of White Americans ' support reparations for descendants of enslaved people [Data Set]. https://www.pewresearch.org/short-reads/2022/11/28/black-and-white-americans-are-far-apart-in-their-views-of-reparations-for-slavery/ft_22-11-09_reparations_1/,medium,https://www.pewresearch.org/short-reads/2022/11/28/black-and-white-americans-are-far-apart-in-their-views-of-reparations-for-slavery/ft_22-11-09_reparations_1/,Pew Research Center. (2022). 77% of Black Americans 'compared with 18% of White Americans ' support reparations for descendants of enslaved people [Data Set].,Pew Research Center. (2022). Beliefs about reparations [Data Set].,-45.853386,58.70653,2022
73,Science,Climate Change,the earth is getting warmer mostly due to natural patterns,24,76,https://www.pewresearch.org/short-reads/2023/02/09/the-pope-is-concerned-about-climate-change-how-do-u-s-catholics-feel-about-it/,Pew Research Center. (2023). The pope is concerned about climate change. how do U.S. Catholics feel about it? [Data Set]. https://www.pewresearch.org/short-reads/2023/02/09/the-pope-is-concerned-about-climate-change-how-do-u-s-catholics-feel-about-it/,medium,https://www.pewresearch.org/short-reads/2023/02/09/the-pope-is-concerned-about-climate-change-how-do-u-s-catholics-feel-about-it/,Pew Research Center. (2023). The pope is concerned about climate change. how do U.S. Catholics feel about it? [Data Set].,Pew Research Center. (2023). Belief tracking poll [Data Set].,53.653805,167.18658,2023
74,Politics,Tax Rates,"tax rates on household incomes over $400,000 should not be raised",37,61,https://www.pewresearch.org/short-reads/2023/04/07/top-tax-frustrations-for-americans-the-feeling-that-some-corporations-wealthy-people-dont-pay-fair-share/,Pew Research Center. (2023). The pope is concerned about climate change. how do U.S. Catholics feel about it? [Data Set]. https://www.pewresearch.org/short-reads/2023/02/09/the-pope-is-concerned-about-climate-change-how-do-u-s-catholics-feel-about-it/,low,https://www.pewresearch.org/short-reads/2023/02/09/the-pope-is-concerned-about-climate-change-how-do-u-s-catholics-feel-about-it/,Pew Research Center. (2023). The pope is concerned about climate change. how do U.S. Catholics feel about it? [Data Set].,Pew Research Center. (2023). Belief tracking poll [Data Set].,-68.72234,68.87229,2023
75,Science,Antibiotic Bacterial,antibiotics are not effective against bacterial infections,10,90,https://www.pewtrusts.org/~/media/assets/2012/11/12/abxpollsummarypdf.pdf,Hart Research Associates And Public Opinion Strategies. (2012). Americans' knowledge of and attitudes toward antibiotic resistance: A report of findings from a national survey and two focus groups [Data Set]. https://www.pewtrusts.org/~/media/assets/2012/11/12/abxpollsummarypdf.pdf,high,https://www.pewtrusts.org/~/media/assets/2012/11/12/abxpollsummarypdf.pdf,Hart Research Associates And Public Opinion Strategies. (2012). Americans' knowledge of and attitudes toward antibiotic resistance: A report of findings from a national survey and two focus groups [Data Set].,Hart Research Associates And Public Opinion Strategies. (2012). Americans' knowledge of and attitudes toward antibiotic resistance [Data Set].,-42.53255,185.42531,2012
76,Science,Solar Rotation,it takes one day for the Earth to go around the Sun,18,75,https://www.pewtrusts.org/~/media/assets/2012/11/12/abxpollsummarypdf.pdf,Hart Research Associates And Public Opinion Strategies. (2012). Americans' knowledge of and attitudes toward antibiotic resistance: A report of findings from a national survey and two focus groups [Data Set]. https://www.pewtrusts.org/~/media/assets/2012/11/12/abxpollsummarypdf.pdf,medium,https://www.pewtrusts.org/~/media/assets/2012/11/12/abxpollsummarypdf.pdf,Hart Research Associates And Public Opinion Strategies. (2012). Americans' knowledge of and attitudes toward antibiotic resistance: A report of findings from a national survey and two focus groups [Data Set].,Hart Research Associates And Public Opinion Strategies. (2012). Americans' knowledge of and attitudes toward antibiotic resistance [Data Set].,29.33011,173.53891,2012
77,Science,Antibiotic Viral,antibiotics are not at all effective against viral infections,42,58,https://www.pewtrusts.org/~/media/assets/2012/11/12/abxpollsummarypdf.pdf,Hart Research Associates And Public Opinion Strategies. (2012). Americans' knowledge of and attitudes toward antibiotic resistance: A report of findings from a national survey and two focus groups [Data Set]. https://www.pewtrusts.org/~/media/assets/2012/11/12/abxpollsummarypdf.pdf,low,https://www.pewtrusts.org/~/media/assets/2012/11/12/abxpollsummarypdf.pdf,Hart Research Associates And Public Opinion Strategies. (2012). Americans' knowledge of and attitudes toward antibiotic resistance: A report of findings from a national survey and two focus groups [Data Set].,Hart Research Associates And Public Opinion Strategies. (2012). Americans' knowledge of and attitudes toward antibiotic resistance [Data Set].,-49.315754,181.9489,2012
78,Science,Specie Documentation,scientists have not documented most of the species on Earth,46,51,https://www.pewtrusts.org/~/media/assets/2012/11/12/abxpollsummarypdf.pdf,Hart Research Associates And Public Opinion Strategies. (2012). Americans' knowledge of and attitudes toward antibiotic resistance: A report of findings from a national survey and two focus groups [Data Set]. https://www.pewtrusts.org/~/media/assets/2012/11/12/abxpollsummarypdf.pdf,low,https://www.pewtrusts.org/~/media/assets/2012/11/12/abxpollsummarypdf.pdf,Hart Research Associates And Public Opinion Strategies. (2012). Americans' knowledge of and attitudes toward antibiotic resistance: A report of findings from a national survey and two focus groups [Data Set].,Hart Research Associates And Public Opinion Strategies. (2012). Americans' knowledge of and attitudes toward antibiotic resistance [Data Set].,-18.635132,159.789,2012
79,Religion,God Control,God observes but does not control what happens on Earth,37,63,https://www.prnewswire.com/news-releases/americans-belief-in-god-miracles-and-heaven-declines-236051651.html,"Harris Interactive (2013). Americans' belief in God, miracles and heaven declines [Data Set]. Cision PR Newswire. https://www.prnewswire.com/news-releases/americans-belief-in-god-miracles-and-heaven-declines-236051651.html",low,https://www.prnewswire.com/news-releases/americans-belief-in-god-miracles-and-heaven-declines-236051651.html,"Harris Interactive (2013). Americans' belief in God, miracles and heaven declines [Data Set].",Harris Interactive (2013). Religious belief poll [Data Set].,40.98491,124.10614,2013
80,Religion,God Gender,God is both male and female,10,71,https://www.prnewswire.com/news-releases/americans-belief-in-god-miracles-and-heaven-declines-236051651.html,"Harris Interactive (2013). Americans' belief in God, miracles and heaven declines [Data Set]. Cision PR Newswire. https://www.prnewswire.com/news-releases/americans-belief-in-god-miracles-and-heaven-declines-236051651.html",high,https://www.prnewswire.com/news-releases/americans-belief-in-god-miracles-and-heaven-declines-236051651.html,Harris Interactive (2013). Religious belief poll [Data Set].,"Harris Interactive (2013). Americans' belief in God, miracles and heaven declines [Data Set].",29.8418,109.86379,2013
81,Religion,Witchcraft Belief,witches or spells exist,21,79,"Ipsos (2021). Ipsos Understanding Society: Wave 24 October 2021, Question 6 [31118753.00005]. Ipsos. Cornell University, Ithaca, NY: Roper Center for Public Opinion Research.",IPSOS. (2021). IPSOS understanding society: wave 24 October 2021 (Version 2) [Dataset]. Roper Center for Public Opinion Research. https://doi.org/10.25940/ROPER-31118753,medium,https://doi.org/10.25940/ROPER-31118753,IPSOS. (2021). IPSOS understanding society: wave 24 [Dataset].,IPSOS. (2021). IPSOS understanding society: wave 24 October 2021 (Version 2) [Dataset].,69.77933,107.52772,2021
82,Science,AI Economy,having machines with the ability to think for themselves will help the economy,19,73,"Monmouth University Polling Institute (2023). Monmouth University Poll, Question 24 [31120110.00024]. Monmouth University Polling Institute. Cornell University, Ithaca, NY: Roper Center for Public Opinion Research.",Monmouth University Polling Institute. (2023). Monmouth University poll (Version 1) [Dataset]. Roper Center for Public Opinion Research. https://doi.org/10.25940/ROPER-31120110,medium,https://doi.org/10.25940/ROPER-31120110,Monmouth University Polling Institute. (2023). Monmouth University poll [Dataset].,Monmouth University Polling Institute. (2023). Monmouth University poll [Dataset].,-18.915785,129.54527,2023
83,Science,AI News,there will never be a time when entire news articles will be written by artificial intelligence,24,72,"Monmouth University Polling Institute (2023). Monmouth University Poll, Question 24 [31120110.00024]. Monmouth University Polling Institute. Cornell University, Ithaca, NY: Roper Center for Public Opinion Research.",Monmouth University Polling Institute. (2023). Monmouth University poll (Version 1) [Dataset]. Roper Center for Public Opinion Research. https://doi.org/10.25940/ROPER-31120110,medium,https://doi.org/10.25940/ROPER-31120110,Monmouth University Polling Institute. (2023). Monmouth University poll [Dataset].,Monmouth University Polling Institute. (2023). Monmouth University poll [Dataset].,-15.498852,139.22092,2023
84,Religion,God Influence,God or a higher power directly influences everything that occurs in the world,21,78,"Pew Research Center for the People & the Press (2021). Pew Research Center's American Trends Panel Poll, Question 56 [31118724.00056]. Ipsos. Cornell University, Ithaca, NY: Roper Center for Public Opinion Research.",Pew Research Center. (2021). Pew Research Center's American trends panel poll (Version 1) [Dataset]. Roper Center for Public Opinion Research. https://doi.org/10.25940/ROPER-31118724,medium,https://doi.org/10.25940/ROPER-31118724,Pew Research Center. (2021). Pew Research Center's American trends panel poll [Dataset].,Pew Research Center. (2021). Pew Research Center's American trends panel poll [Dataset].,32.17308,129.01854,2021
85,Religion,Direct Revelation,it is impossible to receive a direct revelation from a higher power,29,67,"Pew Research Center for the People & the Press (2021). Pew Research Center's American Trends Panel Poll, Question 56 [31118724.00056]. Ipsos. Cornell University, Ithaca, NY: Roper Center for Public Opinion Research.",Pew Research Center. (2021). Pew Research Center's American trends panel poll (Version 1) [Dataset]. Roper Center for Public Opinion Research. https://doi.org/10.25940/ROPER-31118724,medium,https://doi.org/10.25940/ROPER-31118724,Pew Research Center. (2021). Pew Research Center's American trends panel poll [Dataset].,Pew Research Center. (2021). Pew Research Center's American trends panel poll [Dataset].,22.38523,128.24301,2021
86,Religion,Prayer Answered,it is impossible to get a definite answer to a specific prayer request,31,67,"Pew Research Center for the People & the Press (2021). Pew Research Center's American Trends Panel Poll, Question 56 [31118724.00056]. Ipsos. Cornell University, Ithaca, NY: Roper Center for Public Opinion Research.",Pew Research Center. (2021). Pew Research Center's American trends panel poll (Version 1) [Dataset]. Roper Center for Public Opinion Research. https://doi.org/10.25940/ROPER-31118724,medium,https://doi.org/10.25940/ROPER-31118724,Pew Research Center. (2021). Pew Research Center's American trends panel poll [Dataset].,Pew Research Center. (2021). Pew Research Center's American trends panel poll [Dataset].,15.722141,117.86641,2021
87,Religion,Hell Belief,Hell does not exist,36,62,"Pew Research Center for the People & the Press (2021). Pew Research Center's American Trends Panel Poll, Question 56 [31118724.00056]. Ipsos. Cornell University, Ithaca, NY: Roper Center for Public Opinion Research.",Pew Research Center. (2021). Pew Research Center's American trends panel poll (Version 1) [Dataset]. Roper Center for Public Opinion Research. https://doi.org/10.25940/ROPER-31118724,low,https://doi.org/10.25940/ROPER-31118724,Pew Research Center. (2021). Pew Research Center's American trends panel poll [Dataset].,Pew Research Center. (2021). Pew Research Center's American trends panel poll [Dataset].,52.362717,109.92067,2021
88,Religion,Scripture Literality,"holy scripture is the word of God and should be taken literally, word for word",22,76,"Pew Research Center for the People & the Press (2022). Pew American Trends Panel Poll, Question 22 [31120005.00021]. Ipsos. Cornell University, Ithaca, NY: Roper Center for Public Opinion Research.",Pew Research Center. (2022). Pew American trends panel poll (Version 1) [Dataset]. Roper Center for Public Opinion Research. https://doi.org/10.25940/ROPER-31120005,medium,https://doi.org/10.25940/ROPER-31120005,Pew Research Center. (2022). Pew American trends panel poll [Dataset].,Pew Research Center. (2022). Pew American trends panel poll [Dataset].,16.485044,98.04147,2022
89,Religion,Doomsday Belief,we are living in the end times,39,58,"Pew Research Center for the People & the Press (2022). Pew American Trends Panel Poll, Question 22 [31120005.00021]. Ipsos. Cornell University, Ithaca, NY: Roper Center for Public Opinion Research.",Pew Research Center. (2022). Pew American trends panel poll (Version 1) [Dataset]. Roper Center for Public Opinion Research. https://doi.org/10.25940/ROPER-31120005,low,https://doi.org/10.25940/ROPER-31120005,Pew Research Center. (2022). Pew American trends panel poll [Dataset].,Pew Research Center. (2022). Pew American trends panel poll [Dataset].,11.996539,149.21869,2022
90,Politics,CDC COVID,"public health officials (e.g., at CDC) have done an excellent job of responding to COVID",13,87,"Pew Research Center for the People & the Press (2022). Pew American Trends Panel Poll. Ipsos. Cornell University, Ithaca, NY: Roper Center for Public Opinion Research.",Pew Research Center. (2022). Pew American trends panel poll (Version 1) [Dataset]. Roper Center for Public Opinion Research. https://doi.org/10.25940/ROPER-31119874,high,https://doi.org/10.25940/ROPER-31119874,Pew Research Center. (2022). Pew American trends panel poll [Dataset].,Pew Research Center. (2022). Pew American trends panel poll [Dataset].,-57.864155,144.64302,2022
91,Politics,Scientist Influence,scientists have too much influence in public policy debates,19,81,"Pew Research Center for the People & the Press (2022). Pew American Trends Panel Poll. Ipsos. Cornell University, Ithaca, NY: Roper Center for Public Opinion Research.",Pew Research Center. (2022). Pew American trends panel poll (Version 1) [Dataset]. Roper Center for Public Opinion Research. https://doi.org/10.25940/ROPER-31119874,medium,https://doi.org/10.25940/ROPER-31119874,Pew Research Center. (2022). Pew American trends panel poll [Dataset].,Pew Research Center. (2022). Pew American trends panel poll [Dataset].,-33.781944,137.44257,2022
92,Politics,Ukraine Support,the US is providing too much support to Ukraine,20,80,"Pew Research Center for the People & the Press (2022). Pew American Trends Panel Poll. Ipsos. Cornell University, Ithaca, NY: Roper Center for Public Opinion Research.",Pew Research Center. (2022). Pew American trends panel poll (Version 1) [Dataset]. Roper Center for Public Opinion Research. https://doi.org/10.25940/ROPER-31119874,medium,https://doi.org/10.25940/ROPER-31119874,Pew Research Center. (2022). Pew American trends panel poll [Dataset].,Pew Research Center. (2022). Pew American trends panel poll [Dataset].,-81.70952,106.083595,2022
93,Politics,Bible Influence,the Bible should have no influence on laws in the US,36,64,"Pew Research Center for the People & the Press (2022). Pew American Trends Panel Poll. Ipsos. Cornell University, Ithaca, NY: Roper Center for Public Opinion Research.",Pew Research Center. (2022). Pew American trends panel poll (Version 1) [Dataset]. Roper Center for Public Opinion Research. https://doi.org/10.25940/ROPER-31119874,low,https://doi.org/10.25940/ROPER-31119874,Pew Research Center. (2022). Pew American trends panel poll [Dataset].,Pew Research Center. (2022). Pew American trends panel poll [Dataset].,-2.832887,93.90965,2022
94,Science,Media Mind-change,social media is very effective at changing people's minds about political issues,16,83,"Pew Research Center for the People & the Press (2022). Spring 2022 Global Attitudes Survey, Question 7 [31119465.00086]. Ipsos. Cornell University, Ithaca, NY: Roper Center for Public Opinion Research.",Pew Research Center. (2022). Spring 2022 global attitudes survey (Version 1) [Dataset]. Roper Center for Public Opinion Research. https://doi.org/10.25940/ROPER-31119465,high,https://doi.org/10.25940/ROPER-31119465,Pew Research Center. (2022). Spring 2022 global attitudes survey [Dataset].,Pew Research Center. (2022). Spring 2022 global attitudes survey [Dataset].,-36.998974,127.262535,2022
95,Politics,Electoral College,"presidential elections should be decided based on the electoral college, not the popular vote",30,65,"PRRI (2022). PRRI American Values Survey, Question 100 [31119979.00099]. Ipsos. Cornell University, Ithaca, NY: Roper Center for Public Opinion Research.",PRRI. (2022). PRRI American values survey (Version 1) [Dataset]. Roper Center for Public Opinion Research. https://doi.org/10.25940/ROPER-31119979,medium,https://doi.org/10.25940/ROPER-31119979,PRRI. (2022). PRRI American values survey [Dataset].,PRRI. (2022). PRRI American values survey [Dataset].,-24.78196,110.704216,2022
96,Religion,Holy America,God intended America to be a new promised land for European Christians,10,83,"PRRI (2022). PRRI American Values Survey, Question 100 [31119979.00099]. Ipsos. Cornell University, Ithaca, NY: Roper Center for Public Opinion Research.",PRRI. (2022). PRRI American values survey (Version 1) [Dataset]. Roper Center for Public Opinion Research. https://doi.org/10.25940/ROPER-31119979,high,https://doi.org/10.25940/ROPER-31119979,PRRI. (2022). PRRI American values survey [Dataset].,PRRI. (2022). PRRI American values survey [Dataset].,56.451088,127.334,2022
